Type,Name,Request Count,Failure Count,Median Response Time,Average Response Time,Min Response Time,Max Response Time,Average Content Size,Requests/s,Failures/s,50%,66%,75%,80%,90%,95%,98%,99%,99.9%,99.99%,100%
POST,POST /api/v1/convert,74874,266,24,56.63899141615307,7.498936029151082,7380.015125963837,5432.741966503726,62.411346066457796,0.22172473827600733,24,27,29,32,43,77,160,640,5200,7300,7400
,Aggregated,74874,266,24,56.63899141615307,7.498936029151082,7380.015125963837,5432.741966503726,62.411346066457796,0.22172473827600733,24,27,29,32,43,77,160,640,5200,7300,7400
